date,close,volume,open,high,low
10/31/2017,1105.28,3474886,1109,1110.54,1101.1201
10/30/2017,1110.85,6608244,1095.01,1122.79,1093.56
10/27/2017,1100.95,16547950,1058.14,1105.58,1050.55
10/26/2017,972.43,5392856,980.33,982.9,968.55
10/25/2017,972.91,3029395,978,984.44,966.24
10/24/2017,975.9,2713262,969,979.85,965
10/23/2017,966.3,3482123,986.73,986.775,962.5
10/20/2017,982.91,2343556,993.53,994.62,982
10/19/2017,986.61,3084459,990,991.05,980.24
10/18/2017,997,2496848,1009.27,1022.31,996.55
10/17/2017,1009.13,2318762,1005.59,1011.4699,1004.38
10/16/2017,1006.34,2004816,1008.44,1009.5717,1001.04
10/13/2017,1002.94,2429175,1007,1007.77,1001.03
10/12/2017,1000.93,4083076,996.81,1008.44,992.4
10/11/2017,995,2335062,991.27,995.5,986.695
10/10/2017,987.2,3082929,996.67,997.95,980.099
10/9/2017,990.99,2936073,993.24,998.5,987.5
10/6/2017,989.58,3747408,975.64,995.75,975.64
10/5/2017,980.85,3220080,970,981.51,969.64
10/4/2017,965.45,2518509,954.21,967.79,954.05
10/3/2017,957.1,2664290,958,963.69,950.37
10/2/2017,959.19,2425585,964,967.305,952.1201
9/29/2017,961.35,2509194,960.11,964.83,958.375
9/28/2017,956.4,2521285,951.86,959.7,950.101
9/27/2017,950.87,3145310,948,955.3,943.3
9/26/2017,938.6,3504345,945.49,948.63,931.75
9/25/2017,939.79,5115097,949.31,949.42,932.89
9/22/2017,955.1,2629433,961.01,965.61,954.42
9/21/2017,964.65,2276374,971.31,971.7,962.02
9/20/2017,973.21,2752256,971.79,974.81,962.1626
9/19/2017,969.86,2629721,977.25,978.24,967.46
9/18/2017,974.19,3400701,990.4,992.7922,968.17
9/15/2017,986.79,3749512,993.01,996.25,984.03
9/14/2017,992.21,3899558,996.8,998.56,987.74
9/13/2017,999.6,3360247,983.97,1000,979.42
9/12/2017,982.58,2475557,983.27,984.6718,975.517
9/11/2017,977.96,2171998,974.46,981.94,974.22
9/8/2017,965.9,2589038,979.1,979.88,963.47
9/7/2017,979.47,2562517,974,980.59,972.55
9/6/2017,967.8,2125371,968.32,971.84,960.6
9/5/2017,965.27,2996501,975.4,976.7699,960.37
9/1/2017,978.25,2533779,984.2,984.5,976.875
8/31/2017,980.6,3314687,974.7,981,972.76
8/30/2017,967.59,2897969,958.44,969.41,956.9062
8/29/2017,954.06,2871568,940,956,936.33
8/28/2017,946.02,2576456,946.54,953,942.25
8/25/2017,945.26,3316602,956,957.621,944.1
8/24/2017,952.45,5186993,957.42,959,941.14
8/23/2017,958,2642936,959.38,962,954.2
8/22/2017,966.9,2745796,955.52,967.93,955.495
8/21/2017,953.29,3156891,957.57,961.2,945.46
8/18/2017,958.47,3275276,961.4,965.43,954.65
8/17/2017,960.57,3456073,977.84,977.84,960.32
8/16/2017,978.18,3125408,981.65,986.4605,973.22
8/15/2017,982.74,2544452,988.9,991.74,982
8/14/2017,983.3,3168461,978.41,985.5,976.19
8/11/2017,967.99,3464615,960,970.39,951.38
8/10/2017,956.92,5600182,976.295,979.86,954.68
8/9/2017,982.01,3568120,982.6,988,975.27
8/8/2017,989.84,2886062,994.35,996.28,985.79
8/7/2017,992.27,2670187,990.65,995,987.14
8/4/2017,987.58,2726739,989.68,991.672,982
8/3/2017,986.92,3252699,999.47,999.5,984.59
8/2/2017,995.89,4061270,1001.77,1003.21,981.73
8/1/2017,996.19,4527979,996.11,1006.4,991.58
7/31/2017,987.78,7326177,1019.05,1019.05,987.02
7/28/2017,1020.04,7674669,1012.14,1032.85,1001
7/27/2017,1046,10830380,1069.55,1083.31,1040.18
7/26/2017,1052.8,2881423,1043.2,1053.2,1043.2
7/25/2017,1039.87,2444862,1038.05,1043.3346,1032.48
7/24/2017,1038.95,3277624,1028.34,1043.01,1027.4279
7/21/2017,1025.67,2726844,1021.28,1026.1,1011
7/20/2017,1028.7,3074300,1031.59,1034.97,1022.515
7/19/2017,1026.87,2955263,1025,1031.59,1022.5
7/18/2017,1024.45,4002293,1006,1026.03,1004
7/17/2017,1010.04,3685206,1004.69,1014.75,1003.81
7/14/2017,1001.81,2100941,1002.4,1004.45,996.89
7/13/2017,1000.63,2877854,1004.62,1006.88,995.9
7/12/2017,1006.51,3605227,1000.65,1008.55,998.1
7/11/2017,994.13,2978422,993,995.99,983.72
7/10/2017,996.47,3515968,985,999.4392,983.5
7/7/2017,978.76,2589778,969.55,980.11,969.14
7/6/2017,965.14,3257432,964.66,974.4,959.02
7/5/2017,971.4,3648765,961.53,975,955.25
7/3/2017,953.66,2909108,972.79,974.49,951.0001
6/30/2017,968,3383436,980.12,983.47,967.61
6/29/2017,975.93,4295828,979,987.56,965.25
6/28/2017,990.33,3721937,978.55,990.68,969.21
6/27/2017,976.78,3759865,990.69,998.8,976
6/26/2017,993.98,3382126,1008.5,1009.8,992
6/23/2017,1003.74,2876508,1002.54,1004.62,998.02
6/22/2017,1001.3,2249784,1002.23,1006.9599,997.2
6/21/2017,1002.23,2916743,998.7,1002.72,992.6518
6/20/2017,992.59,4069195,998,1004.88,992.02
6/19/2017,995.17,5019791,1017,1017,989.9
6/16/2017,987.71,11439080,996,999.75,982
6/15/2017,964.17,5230302,958.7,965.73,950.86
6/14/2017,976.47,3965444,988.59,990.34,966.71
6/13/2017,980.79,4569183,977.99,984.5,966.1
6/12/2017,964.91,9437061,967,975.95,945
6/9/2017,978.31,7634038,1012.5,1012.99,927
6/8/2017,1010.27,2756796,1012.06,1013.61,1006.11
6/7/2017,1010.07,2818880,1005.95,1010.249,1002
6/6/2017,1003,3341855,1012,1016.5,1001.25
6/5/2017,1011.34,2717283,1007.23,1013.21,1003.51
6/2/2017,1006.73,3749489,998.99,1008.48,995.67
6/1/2017,995.95,2451407,998.59,998.99,991.37
5/31/2017,994.62,3913721,1000,1000.12,982.16
5/30/2017,996.7,3256230,996.51,1001.2,995.52
5/26/2017,995.78,3462132,995,998.65,989.2491
5/25/2017,993.38,4817312,984.85,999,982.11
5/24/2017,980.35,2455977,976,981,970.23
5/23/2017,971.54,2412406,975.02,975.2,966.85
5/22/2017,970.67,2631854,964,971.38,962.9
5/19/2017,959.84,3967552,962.84,968.92,959.72
5/18/2017,958.49,3898729,944.8,962.75,944.76
5/17/2017,944.76,5129887,954.7,960.3957,944.12
5/16/2017,966.07,3114640,961,970.06,960.91
5/15/2017,957.97,4261618,958.73,963.15,956.055
5/12/2017,961.35,3622639,954.5,962.79,951.53
5/11/2017,947.62,2190678,945.11,950.29,940.775
5/10/2017,948.95,2093334,953.5,953.7499,945
5/9/2017,952.82,3256357,952.8,957.89,950.2
5/8/2017,949.04,3406954,940.95,949.05,939.21
5/5/2017,934.15,2863978,940.52,940.79,930.3
5/4/2017,937.53,2413486,944.75,945,934.215
5/3/2017,941.03,3578108,946,946,935.9
5/2/2017,946.94,3814589,946.645,950.1,941.413
5/1/2017,948.23,5459454,927.8,954.4,927.8
4/28/2017,924.99,7354916,948.83,949.59,924.3335
4/27/2017,918.38,5195293,914.39,921.86,912.11
4/26/2017,909.29,2603720,910.3,915.749,907.56
4/25/2017,907.62,3375239,907.04,909.48,903
4/24/2017,907.41,3118154,908.68,909.99,903.82
4/21/2017,898.53,2408664,902.67,903.65,896.77
4/20/2017,902.06,2808837,899.7,905.32,896.29
4/19/2017,899.2,2865603,907.84,910.5,897.369
4/18/2017,903.78,2996639,900.99,909.61,900.78
4/17/2017,901.99,2849145,887.5,902.38,887.5
4/13/2017,884.67,3169025,891.45,894.97,884.49
4/12/2017,896.23,2451575,903.09,904.09,895.2501
4/11/2017,902.36,3008307,907.04,911.24,897.5
4/10/2017,907.04,3180999,899.63,908.51,899
4/7/2017,894.88,3708367,899.65,900.09,889.31
4/6/2017,898.28,6338183,913.8,917.1899,894.4927
4/5/2017,909.28,7497229,910.82,923.72,905.62
4/4/2017,906.83,4976736,891.5,908.5384,890.28
4/3/2017,891.51,3418998,888,893.49,885.42
3/31/2017,886.54,3949283,877,890.35,876.65
3/30/2017,876.34,2758154,874.95,877.06,871.66
3/29/2017,874.32,4479102,859.05,876.438,859.02
3/28/2017,856,3037117,851.75,858.46,850.1
3/27/2017,846.82,2754903,838.07,850.3,833.5
3/24/2017,845.61,2135812,851.68,851.8,843.53
3/23/2017,847.38,1947627,848.2,850.89,844.8
3/22/2017,848.06,2652225,840.43,849.37,839.05
3/21/2017,843.2,4376927,858.84,862.795,841.31
3/20/2017,856.97,2261699,851.51,857.8,851.01
3/17/2017,852.31,3383423,853.49,853.83,850.64
3/16/2017,853.42,1841507,855.3,855.5,850.51
3/15/2017,852.97,2559702,854.33,854.45,847.11
3/14/2017,852.53,2129358,853.55,853.75,847.55
3/13/2017,854.59,1906941,851.77,855.69,851.71
3/10/2017,852.46,2434254,857,857.35,851.72
3/9/2017,853,2043932,851,856.3999,850.31
3/8/2017,850.5,2286974,848,853.07,846.79
3/7/2017,846.02,2246216,845.48,848.46,843.75
3/6/2017,846.61,2609139,845.23,848.49,841.12
3/3/2017,849.88,1948195,847.2,851.985,846.27
3/2/2017,848.91,2130010,853.08,854.82,847.28
3/1/2017,853.08,2758169,853.05,854.83,849.01
2/28/2017,845.04,2787892,851.45,854.09,842.05
2/27/2017,848.64,2703855,842.38,852.5,839.67
2/24/2017,845.24,3684473,844.69,845.81,837.7501
2/23/2017,852.19,3459287,857.57,860.86,848
2/22/2017,855.61,2615385,856.95,858.43,852.18
2/21/2017,856.44,3506621,848.84,857.98,847.25
2/17/2017,845.07,3036616,842,847.27,840.73
2/16/2017,844.14,2710595,841.84,845,839.375
2/15/2017,842.7,2960469,834,842.81,832.82
2/14/2017,836.39,2789377,837,838.31,831.4522
2/13/2017,836.53,4167521,831.62,842.9999,828.55
2/10/2017,827.46,2427817,823.82,828,822.85
2/9/2017,821.36,2482464,821.6,825,819.71
2/8/2017,819.71,2856058,812.69,821.479,812.5
2/7/2017,812.5,3463842,809.31,816.16,807.5
2/6/2017,807.64,3827284,809.8,810.72,803
2/3/2017,810.2,10855610,806.72,818.3,804
2/2/2017,839.95,7043095,836.59,842.49,828.26
2/1/2017,832.35,3831319,829.21,833.78,824.94
1/31/2017,823.48,3129269,823.75,826.99,819.56
1/30/2017,830.38,3681441,833,833.5,816.38
1/27/2017,835.77,2994700,839,839.7,829.44
1/26/2017,839.15,3571395,835.53,843.84,833
1/25/2017,836.52,3931475,825.79,837.4183,825.288
1/24/2017,822.44,2967753,822,823.99,814.5
1/23/2017,817.88,2794228,806.8,818.5,805.08
1/20/2017,808.33,3373183,815.28,816.02,806.26
1/19/2017,809.04,2529569,810,813.51,807.32
1/18/2017,807.48,2344879,809.5,811.73,804.27
1/17/2017,809.72,3668111,815.7,816,803.44
1/13/2017,817.14,3777135,814.32,821.65,811.4
1/12/2017,813.64,4865798,800.31,814.13,799.5
1/11/2017,799.02,2986267,793.66,799.5,789.51
1/10/2017,795.9,2557640,796.6,798,789.5434
1/9/2017,796.92,3442864,798,801.7742,791.77
1/6/2017,795.99,5981169,782.36,799.44,778.48
1/5/2017,780.45,5820195,761.55,782.3999,760.2557
1/4/2017,757.18,2505296,758.39,759.68,754.2
1/3/2017,753.67,3519877,757.92,758.7595,747.7
12/30/2016,749.87,4132707,766.47,767.3999,748.28
12/29/2016,765.15,3154980,772.4,773.4,760.85
12/28/2016,772.13,3282597,776.25,780,770.5
12/27/2016,771.4,2630692,763.4,774.65,761.2
12/23/2016,760.59,1978722,764.55,766.5,757.99
12/22/2016,766.34,2521462,768.12,771.21,763.02
12/21/2016,770.6,2041288,770,771.22,765.7
12/20/2016,771.22,2701395,768.65,774.39,767.71
12/19/2016,766,3107956,758.89,770.5,756.16
12/16/2016,757.77,4846155,765,765.13,754
12/15/2016,761,3795503,766.28,769.1,760.31
12/14/2016,768.82,5446965,778.25,780.86,762.81
12/13/2016,774.34,5253129,764.96,782.46,762
12/12/2016,760.12,2958869,766.4,766.89,757.2
12/9/2016,768.66,2464356,770,770.25,765.34
12/8/2016,767.33,3187047,771.87,773.79,765.19
12/7/2016,770.42,3679153,764.55,770.42,755.82
12/6/2016,764.72,3792379,763.99,768.24,757.25
12/5/2016,759.36,4304728,745,761.49,742
12/2/2016,740.34,3556552,743.4,748.4903,736.7
12/1/2016,743.65,4650761,752.41,753.37,738.03
11/30/2016,750.57,4607152,762,768.09,750.25
11/29/2016,762.52,3267884,768,769.89,761.32
11/28/2016,766.77,4383855,776.99,777,764.24
11/25/2016,780.37,1837068,786.5,786.75,777.9
11/23/2016,780.12,3533297,781.73,781.75,773.12
11/22/2016,785.33,5306588,788.17,792.4,781
11/21/2016,780,4600908,766,780.35,765.11
11/18/2016,760.16,4365888,761,767.74,757.6435
11/17/2016,756.4,3662939,749.32,757.5,748
11/16/2016,746.49,3604217,739.88,749.87,735.61
11/15/2016,743.24,6749867,730,746.78,725.99
11/14/2016,719.07,7300631,745.51,746,710.1
11/11/2016,739.01,6610022,735.73,743.26,728.9
11/10/2016,742.38,12733320,778.81,778.83,717.7
11/9/2016,771.88,8555177,764,777.5,760.09
11/8/2016,787.75,3382350,784.97,791.7399,779.1
11/7/2016,784.93,5977338,771.64,787.732,770.94
11/4/2016,755.05,5115398,762.79,766,753.2301
11/3/2016,767.03,3867205,765.05,777,764
11/2/2016,765.56,4981311,783.93,784.75,763.55
11/1/2016,785.41,5300121,799,800.84,776.713
10/31/2016,789.82,5408996,781.03,793.7,780.11
10/28/2016,776.32,10832630,782,789.49,774.61
10/27/2016,818.36,7156567,831.24,831.72,815.43
10/26/2016,822.59,3985249,832.76,833.44,820
10/25/2016,835.18,3239776,839.3,843.09,833.22
10/24/2016,838.09,4052218,824.95,838.3,822.21
10/21/2016,818.99,2790354,809.36,819.42,809
10/20/2016,810.32,3148334,813.99,815.71,803.1
10/19/2016,817.69,2086337,820.4,820.67,815.17
10/18/2016,817.65,2507218,822.11,823.26,815.02
10/17/2016,812.95,3355137,821.5,822,811.68
10/14/2016,822.96,2994703,835.08,835.74,822.96
10/13/2016,829.28,3088844,829,831.8,821.21
10/12/2016,834.09,2373674,834,837.666,830.1
10/11/2016,831,3584648,841.02,841.29,828.35
10/10/2016,841.71,1819724,843.25,845.2,840.27
10/7/2016,839.43,2423112,845.79,845.95,837.45
10/6/2016,841.66,2681335,843.7,847.21,840.6
10/5/2016,844.36,3456636,838,845.67,836.12
10/4/2016,834.03,2948840,840.91,842.365,830.26
10/3/2016,836.74,2764010,836,839.86,831.25
9/30/2016,837.31,4425478,832.61,839.95,832.4
9/29/2016,829.05,4918973,828.26,837.5,824.63
9/28/2016,828.72,4418171,818,830.14,817.0337
9/27/2016,816.11,3812930,801.85,816.64,801.11
9/26/2016,799.16,2649176,801.8,805.93,797.145
9/23/2016,805.75,2350777,803.13,807.75,802.12
9/22/2016,804.7,4073362,794.27,805.889,794.27
9/21/2016,789.74,2712733,783.25,790.69,779.01
9/20/2016,780.22,1932706,776,781.37,776
9/19/2016,775.1,2293948,779.97,781.94,771
9/16/2016,778.52,5495339,773.28,780.46,771.66
9/15/2016,769.69,3036442,762,770.87,757.58
9/14/2016,761.09,2529304,762.2,767.5,758.85
9/13/2016,761.01,3115662,768.77,769.89,759.05
9/12/2016,771.49,3118879,757.35,772.66,756
9/9/2016,760.14,4246938,779.36,781,760.11
9/8/2016,784.06,2027915,783.89,786.5,781.44
9/7/2016,784.48,2422453,789.53,790.79,784.33
9/6/2016,788.87,3716541,774.04,789.48,770.22
9/2/2016,772.44,2168238,774.11,776,771.7
9/1/2016,770.62,1790751,770.9,772.04,766.75
8/31/2016,769.16,1630792,766.6,769.64,764
8/30/2016,767.58,1788141,771.05,771.8358,765.56
8/29/2016,771.29,2196156,768.72,774.98,768.6
8/26/2016,769,2769520,760.05,770,759.795
8/25/2016,759.22,1622017,756,760.56,754.741
8/24/2016,757.25,1742565,763,763.41,755.36
8/23/2016,762.45,1521747,763.31,764.7,761
8/22/2016,759.48,1677625,757.5,759.85,752.1
8/19/2016,757.31,2337567,761.9,762.49,756.89
8/18/2016,764.46,1458281,764,765.17,760.6
8/17/2016,764.63,1887316,764.41,765.22,759.199
8/16/2016,764.04,1601165,768.62,768.7317,763.82
8/15/2016,768.49,2116300,771.9,772.04,767.71
8/12/2016,772.56,1562083,768.46,773.15,768.4225
8/11/2016,771.24,2017239,769.94,773.75,769.12
8/10/2016,768.56,1601412,769.8,772.1,766.19
8/9/2016,768.31,1874890,767.39,772.6,766.9
8/8/2016,766.56,1981337,766.81,767,761.015
8/5/2016,765.98,2702266,764.81,768.47,763.09
8/4/2016,760.77,3176858,753.7,765,750.35
8/3/2016,754.64,3579523,757.06,758.89,752.25
8/2/2016,760.58,3596808,763.81,765.01,757.02
8/1/2016,767.74,3572321,759.87,770.5,757.06
7/29/2016,758.81,6763498,765,766,755
7/28/2016,752.61,7246871,745.98,753.36,739.7
7/27/2016,736.67,2871079,737.97,740.94,733.86
7/26/2016,735.59,2497689,742.71,743.13,732.7525
7/25/2016,739.61,2673985,746.55,748.5,735.35
7/22/2016,744.86,2259345,747.79,751.28,743.53
7/21/2016,744.43,2315367,747.5,749.36,742.7918
7/20/2016,745.72,2192779,744,746.25,740.7
7/19/2016,739.95,2210751,732.5,743.33,732.31
7/18/2016,736.07,2952099,735.49,741.5954,728.72
7/15/2016,735.44,3099239,746.55,746.55,734.05
7/14/2016,741.2,2385498,748.86,749.04,739.02
7/13/2016,742.63,4130770,746.76,756.87,741.25
7/12/2016,748.21,5608111,756.86,757.34,740.33
7/11/2016,753.78,3190358,750,755.9,747
7/8/2016,745.81,3427197,740.14,746.1,738
7/7/2016,736.57,2939304,739.33,739.55,731.63
7/6/2016,737.61,3929890,725.71,737.77,722.58
7/5/2016,728.1,2426204,722.8,729.56,719.61
7/1/2016,725.68,2918061,717.32,728,716.54
6/30/2016,715.62,2843622,717.2,719.37,712.54
6/29/2016,715.6,3065364,715.75,719.5,713.54
6/28/2016,707.95,4032509,700,708,698.1714
6/27/2016,691.36,5571322,692.01,696.8189,682.115
6/24/2016,698.96,7613808,693,712.5292,692.2
6/23/2016,722.08,2808909,715.5,722.12,712.5
6/22/2016,710.6,2255233,716.58,717,707.565
6/21/2016,715.82,2111948,715.72,718.4,712.721
6/20/2016,714.01,3673116,713.5,721.31,710.81
6/17/2016,706.39,5863150,718.19,718.2,699.18
6/16/2016,717.51,3094837,712.05,718,705.3
6/15/2016,714.26,2705287,722,722.56,713.3522
6/14/2016,719.3,2499062,712.33,720.805,712.27
6/13/2016,715.24,3349654,714.01,721.99,711.16
6/10/2016,717.91,3420884,722.35,724.98,714.21
6/9/2016,727.65,2169259,723.1,728.91,722.3
6/8/2016,726.64,2221777,726.4,729.42,721.6
6/7/2016,723.74,2730693,729.89,730,720.55
6/6/2016,726.73,2695531,726.5,731.5,724.42
6/3/2016,725.54,3362610,726.74,727,718.43
6/2/2016,728.24,3022321,720.97,728.28,715.5001
6/1/2016,719.44,3260486,720.9,726.43,718.22
5/31/2016,722.79,3612510,712.33,724.23,711.32
5/27/2016,712.24,2247612,715,716.6,711.1
5/26/2016,714.91,2441497,708.33,715,707.293
5/25/2016,708.35,3269475,708,710.86,705.5159
5/24/2016,704.2,3026450,698.01,707.5,698
5/23/2016,696.75,2586909,704.25,706,696.42
5/20/2016,702.8,2875429,701.05,707.24,700
5/19/2016,698.52,3022212,691.88,699.4,689.56
5/18/2016,697.45,4277735,689.56,702.5399,688.76
5/17/2016,695.27,5102768,709.9,714.47,693.91
5/16/2016,710.66,5431729,710.13,713.25,700.28
5/13/2016,709.92,4750859,714.64,719.25,706.51
5/12/2016,717.93,5038030,717.38,722.45,711.51
5/11/2016,713.23,7327956,705.79,719,701.65
5/10/2016,703.07,6093507,694,704.55,693.5
5/9/2016,679.75,3974324,673.95,686.98,671.41
5/6/2016,673.95,4362455,656.05,676.95,656.01
5/5/2016,659.09,4877179,673.31,676.49,656
5/4/2016,670.9,4631988,662.59,674,662.14
5/3/2016,671.32,4917284,677.36,680.3,670.43
5/2/2016,683.85,6567445,663.92,685.5,662.0251
4/29/2016,659.59,10303510,666,669.98,654
4/28/2016,602,7631449,615.54,626.8,599.2
4/27/2016,606.57,4058455,611.8,615.95,601.28
4/26/2016,616.88,2507082,626.17,626.7549,614.88
4/25/2016,626.2,2680835,616.61,626.98,616.2511
4/22/2016,620.5,5081401,624.47,628.25,611.56
4/21/2016,631,2569681,631,637.82,628.5
4/20/2016,632.99,2603048,630,636.55,623
4/19/2016,627.9,4054469,637.14,638.01,620.8
4/18/2016,635.35,4351587,625.35,637.64,624.9603
4/15/2016,625.89,2883933,621.92,626.77,618.11
4/14/2016,620.75,3508881,615.07,624.38,615.07
4/13/2016,614.82,4224742,607.68,616.81,605.29
4/12/2016,603.17,2637241,598.4,604.06,592.31
4/11/2016,595.93,2700997,596.14,604,594.91
4/8/2016,594.6,2590326,594.32,597.86,589
4/7/2016,591.43,3185912,598.76,599.6,589.08
4/6/2016,602.08,2846646,587.52,602.39,587.5
4/5/2016,586.14,2279713,590.77,593.47,585.25
4/4/2016,593.19,2469551,599,599.5,590.55
4/1/2016,598.5,2914176,590.49,599.03,588.3
3/31/2016,593.64,2679930,599.28,600.75,592.21
3/30/2016,598.69,3888192,596.71,603.24,595
3/29/2016,593.86,4246662,580.15,595.85,576.5
3/28/2016,579.87,3121139,584.4,584.75,575.56
3/24/2016,582.95,5155728,567.11,583.55,567.08
3/23/2016,569.63,3978088,561,572.48,558.1
3/22/2016,560.48,3997376,545.11,562.76,545.05
3/21/2016,553.98,5151552,548.91,555.24,538.58
3/18/2016,552.08,7293341,560.94,562.33,546.09
3/17/2016,559.44,5919980,569.51,571.4,555.01
3/16/2016,574.27,3515329,576.64,581.32,571.14
3/15/2016,577.02,3870822,571,581.52,567
3/14/2016,573.37,3453040,567,576.89,563.05
3/11/2016,569.61,3769218,566.95,570.06,562.73
3/10/2016,558.93,3917562,566.74,567,547.9
3/9/2016,559.47,4374825,559.56,560.35,550.125
3/8/2016,560.26,4727151,557.87,571.35,554.74
3/7/2016,562.8,4928519,573.54,573.63,555.55
3/4/2016,575.14,3413742,581.07,581.4,571.065
3/3/2016,577.49,2737763,577.96,579.866,573.11
3/2/2016,580.21,4579461,581.75,585,573.7
3/1/2016,579.04,5024654,556.29,579.25,556
2/29/2016,552.52,4140465,554,564.81,552.51
2/26/2016,555.23,4870280,560.12,562.5,553.17
2/25/2016,555.15,4521887,555.52,559.39,545.2946
2/24/2016,554.04,6222914,545.75,554.27,533.1501
2/23/2016,552.94,4046481,555.55,556.91,545.33
2/22/2016,559.5,5555615,542.2,560.65,541.08
2/19/2016,534.9,4972834,520.71,535.95,515.35
2/18/2016,525,4733213,541.19,541.2,523.73
2/17/2016,534.1,4820780,528.74,537.48,519.39
2/16/2016,521.1,5112648,519.48,524.45,511.66
2/12/2016,507.08,5371180,510.7,516.75,501.4932
2/11/2016,503.82,7390411,491.17,509.3,484
2/10/2016,490.48,6763135,491.76,504.66,486
2/9/2016,482.07,7055921,478.01,498.38,474
2/8/2016,488.1,9816331,486.47,493.5,475.21
2/5/2016,502.13,9683685,529.28,529.45,499.19
2/4/2016,536.26,6190328,525,538.99,519.2201
2/3/2016,531.07,10043300,553.5,556,521.9
2/2/2016,552.1,6297634,570,571.56,550.09
2/1/2016,574.81,6337926,578.15,581.8,570.31
1/29/2016,587,14666690,571.98,593,570
1/28/2016,635.35,13639700,608.37,638.06,597.55
1/27/2016,583.35,5103760,601.99,603.39,578.78
1/26/2016,601.25,3755042,603.45,604.5,590.38
1/25/2016,596.53,4386098,597.99,608.5,594.56
1/22/2016,596.38,5104594,588.73,600.1,584.1079
1/21/2016,575.02,4937346,573.58,588.81,568.22
1/20/2016,571.77,7957643,564.36,578.45,547.18
1/19/2016,574.48,4801408,577.09,584,566.45
1/15/2016,570.18,7776868,572.24,584.62,565.3
1/14/2016,593,7225454,580.25,602.25,569.88
1/13/2016,581.81,7643288,620.88,620.88,579.16
1/12/2016,617.89,4705651,625.25,625.99,612.2415
1/11/2016,617.74,4874135,612.48,619.85,598.57
1/8/2016,607.05,5502757,619.66,624.14,606
1/7/2016,607.94,7040886,621.8,630,605.21
1/6/2016,632.65,5319526,622,639.79,620.31
1/5/2016,633.79,5814063,646.86,646.91,627.65
1/4/2016,636.99,9301459,656.29,657.715,627.51
12/31/2015,675.89,3745197,686.08,687.75,675.89
12/30/2015,689.07,3515318,691.89,695.49,686.375
12/29/2015,693.97,5729914,677.98,696.44,677.8893
12/28/2015,675.2,3778019,665.56,675.5,665.5
12/24/2015,662.79,1092970,663.35,664.68,660.6
12/23/2015,663.7,2717739,666.5,666.597,656.63
12/22/2015,663.15,2666245,666.83,668.49,659.26
12/21/2015,664.51,3219507,668.5,669.9,658.93
12/18/2015,664.14,6817065,668.65,676.84,664.13
12/17/2015,670.65,3672133,680,682.5,670.65
12/16/2015,675.77,3955385,663.56,677.35,659.32
12/15/2015,658.64,4743133,665.03,671.5,657.35
12/14/2015,657.91,4340805,641.75,658.585,635.27
12/11/2015,640.15,5459737,651.23,657.88,639.62
12/10/2015,662.32,3446523,665.59,668.526,659.56
12/9/2015,664.79,5150488,678,679,655.68
12/8/2015,677.33,3646397,663.13,679.99,659.79
12/7/2015,669.83,3730440,674.74,675.46,660.5
12/4/2015,672.64,4532424,666,674.775,661.4
12/3/2015,666.25,5058428,679.44,682.79,661.48
12/2/2015,676.01,4265404,681,684.82,674.25
12/1/2015,679.06,4747651,673.75,681,667.86
11/30/2015,664.8,5492054,675.9,681.29,664.6
11/27/2015,673.26,1966801,680.8,680.99,672.1
11/25/2015,675.34,2690424,675,679.7,671.24
11/24/2015,671.15,4536359,674.14,675.8,661.2125
11/23/2015,678.99,4377862,671.5,682.77,668.45
11/20/2015,668.45,3872690,667.94,668.87,657.57
11/19/2015,661.27,4702856,664.99,672.86,659
11/18/2015,663.54,4414554,646.51,664.88,646.37
11/17/2015,643.3,4317848,650.65,653.25,641
11/16/2015,647.81,7425083,640.92,649.99,622.29
11/13/2015,642.35,6242100,663.57,667,640.45
11/12/2015,665.6,4267454,673,675.64,664.22
11/11/2015,673.25,5378403,663.25,675.96,663.25
11/10/2015,659.68,3478282,651.01,660,647.262
11/9/2015,655.49,4042991,658.65,661.955,647.8477
11/6/2015,659.37,4088119,655,662.26,652
11/5/2015,655.65,4721977,647.1,657,643.0901
11/4/2015,640.95,4836452,627.76,645.93,627.35
11/3/2015,625.31,3244640,629.53,629.89,622
11/2/2015,628.35,2811340,627.13,628.63,620.41
10/30/2015,625.9,3871136,626.01,630.72,625.28
10/29/2015,626.55,3861249,617.7,627.54,615.39
10/28/2015,617.1,3916263,612.3,617.23,609.5
10/27/2015,611.01,3740923,608.6,614.71,605.53
10/26/2015,608.61,4266364,602.3,609.85,596.29
10/23/2015,599.03,10682230,617.68,619.45,595.36
10/22/2015,563.91,7586947,562.7,569.146,556.67
10/21/2015,555.77,3354070,563.87,565.25,552.52
10/20/2015,560.88,4341325,572,573,555.28
10/19/2015,573.15,4342881,570.76,579,567.38
10/16/2015,570.76,4307995,565.27,570.94,560.31
10/15/2015,562.44,4927031,547.75,563,547
10/14/2015,544.83,3573734,551.34,552.25,539.68
10/13/2015,548.9,2933013,546.26,553.2,543.1
10/12/2015,550.19,2772781,539.96,550.82,539.8
10/9/2015,539.8,3533043,534.48,541.79,530.27
10/8/2015,533.16,4666489,536.71,539.386,519.89
10/7/2015,541.94,3807102,541.79,542,529
10/6/2015,537.48,4541673,545.5,551.5,533.33
10/5/2015,543.68,3383967,536.99,545.91,536
10/2/2015,532.54,4592095,512.99,532.6,508.1
10/1/2015,520.72,3744188,511,520.8,506
9/30/2015,511.89,3996159,505.44,512.8,501.6724
9/29/2015,496.07,4455453,506,511.48,490.5
9/28/2015,504.06,5416847,520.02,520.28,494.3337
9/25/2015,524.25,3922075,542.57,542.8,521.4
9/24/2015,533.75,3494202,530.55,534.56,522.87
9/23/2015,536.07,2233675,538.3,541.21,534
9/22/2015,538.4,3833073,539.71,543.55,532.66
9/21/2015,548.39,3276266,544.33,549.78,539.59
9/18/2015,540.26,6154510,534.62,546.237,531.35
9/17/2015,538.87,4146066,526.98,546.97,526.57
9/16/2015,527.39,2249062,521.98,528.3,518.52
9/15/2015,522.37,2849063,523.25,527.92,517.2
9/14/2015,521.38,3127206,529.44,532.45,518.58
9/11/2015,529.44,3224850,521.07,529.44,520.605
9/10/2015,522.24,2568076,515.15,526.13,514.78
9/9/2015,516.89,4348685,524,529.95,515.06
9/8/2015,517.54,3805809,508.69,518.35,508.5144
9/4/2015,499,2687005,497.65,502.85,495.64
9/3/2015,504.72,3143336,514.5,515.84,502.57
9/2/2015,510.55,3693798,505.09,510.86,497.72
9/1/2015,496.54,3850262,499.14,510,493.43
8/31/2015,512.89,2995288,516.44,519.41,509.07
8/28/2015,518.01,2744599,517.5,521.5,513.04
8/27/2015,518.37,6094488,513.71,522.69,507.261
8/26/2015,500.77,6336253,484.02,503.72,478.76
8/25/2015,466.37,5663689,487.49,489.44,466.25
8/24/2015,463.37,10073890,463.58,489.76,451
8/21/2015,494.47,6699569,507.36,512.33,494.47
8/20/2015,515.78,4396219,530.39,533.25,515.77
8/19/2015,532.92,2319977,533.74,537.25,529
8/18/2015,535.02,2070178,535.04,539.49,533
8/17/2015,535.22,2578646,531.29,538.74,527.12
8/14/2015,531.52,1992026,528.25,534.11,528.25
8/13/2015,529.66,2889732,527.37,534.66,525.4846
8/12/2015,525.91,4013276,523.75,527.5,513.06
8/11/2015,527.46,2671531,523.65,528.98,522
8/10/2015,524,2608601,528.52,532.2764,523
8/7/2015,522.62,3961597,529.16,529.4599,518.21
8/6/2015,529.46,3814499,539.3,542.74,527.52
8/5/2015,537.01,2887675,538.8,539.14,534.119
8/4/2015,531.9,2926462,529.69,536.95,529.163
8/3/2015,535.03,3004564,537.45,540.44,529.36
7/31/2015,536.15,2980011,539.09,542.84,534.5201
7/30/2015,536.76,3738558,527.65,539.2,524.29
7/29/2015,529,3742816,530.92,532.9655,525.02
7/28/2015,526.03,5265864,536,536.39,523.12
7/27/2015,531.41,7485538,527.75,544.95,526.6
7/24/2015,529.42,21854940,578.99,580.57,529.35
7/23/2015,482.18,8904893,491.66,491.66,475.7
7/22/2015,488.27,3098513,485.99,492.5,484.9
7/21/2015,488,3160014,487.9,488.88,482.55
7/20/2015,488.1,4737976,492.57,493.2,485.4
7/17/2015,483.01,4927238,477.7,485.42,477.25
7/16/2015,475.48,4081118,465.5,475.88,464.8
7/15/2015,461.19,2983710,463.04,464.7,460.2
7/14/2015,465.57,4730098,462.32,469.6,458.16
7/13/2015,455.57,3946441,448.29,457.87,447.54
7/10/2015,443.51,2398160,440.49,444.72,439
7/9/2015,434.39,2266851,434.9,438.72,434.15
7/8/2015,429.7,2380426,434.35,435.99,428.83
7/7/2015,436.72,3453557,435.68,437.73,425.57
7/6/2015,436.04,1902889,435.23,439.73,433.52
7/2/2015,437.71,1341938,437,438.2,433.48
7/1/2015,437.39,1985409,439.35,440,435.58
6/30/2015,434.09,2595616,434.2,435.57,430.46
6/29/2015,429.86,2745119,434.98,437,429
6/26/2015,438.1,2623536,441.76,443.49,435.06
6/25/2015,440.1,2236818,438.07,443.47,436.39
6/24/2015,440.84,2619568,444.97,446.47,440.23
6/23/2015,445.99,3239099,435.59,447.04,433.69
6/22/2015,436.29,1768342,437,439.24,434.18
6/19/2015,434.92,4491439,440.26,444.99,433.24
6/18/2015,439.39,3374401,430.3,439.73,429.405
6/17/2015,427.81,2184858,428.36,431.35,424.753
6/16/2015,427.26,2296924,424.15,427.97,422.67
6/15/2015,423.67,2048590,427.66,428.05,422.64
6/12/2015,429.92,2052699,431.25,432.36,428.26
6/11/2015,432.97,2921969,432.29,438.89,431.47
6/10/2015,430.77,2170425,426.46,432.2,425.66
6/9/2015,425.48,2286910,422.96,427.49,419.14
6/8/2015,423.5,2171525,425.62,426.8,421.425
6/5/2015,426.95,1905461,429.66,430.8,426.5
6/4/2015,430.78,2508063,434.4,436.755,429.26
6/3/2015,436.59,2726798,434.4,438.39,432.75
6/2/2015,430.99,1669803,430.07,433.23,426.25
6/1/2015,430.92,2251885,430.4,433.16,426.2
5/29/2015,429.23,3014703,427.23,432.5,427.23
5/28/2015,426.57,1908236,429.71,431.35,425.47
5/27/2015,431.42,2227888,427.45,431.85,425.01
5/26/2015,425.47,2239411,426.2,427,422
5/22/2015,427.63,2018905,431.55,432.44,427.61
5/21/2015,431.63,4115003,428,436.9,428
5/20/2015,423.86,2192808,420.6,427.1,418.36
5/19/2015,421.71,2464309,424.87,428.24,420.63
5/18/2015,425.24,2389023,426,427.27,421.46
5/15/2015,426,4234294,428,430.3962,424.3
5/14/2015,432.28,1883300,429.45,433,427.01
5/13/2015,426.87,1995586,429.98,433.528,425.8
5/12/2015,431.02,1946725,431.08,433.25,426.71
5/11/2015,432.85,2391479,432.51,439,431.37
5/8/2015,433.69,2907934,430.75,435.2,430.174
5/7/2015,426.88,2762915,424.15,428.5,422.85
5/6/2015,419.1,2548175,421.43,422.7165,414.55
5/5/2015,421.19,2855612,422.85,427.51,421.02
5/4/2015,423.04,2267420,424.8,429.77,422.42
5/1/2015,422.87,3428724,423.82,425.64,416
4/30/2015,421.78,3645492,427.11,431.75,419.24
4/29/2015,429.37,3616655,426.75,434.24,426.03
4/28/2015,429.31,4134186,438.51,439,428.04
4/27/2015,438.56,5426185,443.86,446.99,437.41
4/24/2015,445.1,17160220,439,452.65,439
4/23/2015,389.99,7673583,390.21,391.88,386.15
4/22/2015,389.8,3470790,391.91,394.28,388
4/21/2015,391.18,4639595,391.31,394.6,386.8
4/20/2015,389.51,5005286,378.55,391.94,377
4/17/2015,375.56,3834778,382.63,383.56,374.4
4/16/2015,386.04,2074427,383.69,387.45,383.55
4/15/2015,383.45,1928677,384.65,385.78,381.64
4/14/2015,385.11,2582297,383.51,387.81,381.2101
4/13/2015,382.36,1894399,383.53,385.28,380.14
4/10/2015,382.65,2572177,384.31,387.12,381.3151
4/9/2015,383.54,2390424,380.66,384.42,378.795
4/8/2015,381.2,2634857,374.66,381.58,374.65
4/7/2015,374.41,1954217,376.15,379.31,374.03
4/6/2015,377.04,3043772,370.1,380.2,369.36
4/2/2015,372.25,1872952,370.5,373.28,369
4/1/2015,370.255,2454130,372.1,373.16,368.34
3/31/2015,372.1,2505578,373.24,377.7,371.51
3/30/2015,374.59,1818704,371.87,376.12,371.55
3/27/2015,370.56,2606063,367.11,373.17,366.5734
3/26/2015,367.35,2929557,369.59,371.4,365.65
3/25/2015,370.96,3426602,375.17,380.5,370.285
3/24/2015,374.09,2225222,373.99,375.24,372.27
3/23/2015,375.11,2238723,378.07,381.77,374.94
3/20/2015,378.49,3752350,376.29,379.37,375.92
3/19/2015,373.24,1912973,373.87,377.11,372.19
3/18/2015,375.135,2645003,369.97,375.99,366.7
3/17/2015,371.92,2036686,371.11,374.5,369.64
3/16/2015,373.35,2352852,370.38,373.94,366.72
3/13/2015,370.58,2610510,371.52,373.99,366.68
3/12/2015,374.24,2809715,368.82,375.5,367.52
3/11/2015,366.37,2490279,370.61,373.35,366.26
3/10/2015,369.51,3111285,377.45,377.77,369.18
3/9/2015,378.56,2311182,378.4,379.33,375.28
3/6/2015,380.09,2625962,385.52,387,378.88
3/5/2015,387.83,2688444,385.61,388.4182,383.89
3/4/2015,382.72,2255869,385.71,387.9,382.19
3/3/2015,384.61,1945787,383.95,386.1,381.601
3/2/2015,385.655,2134110,380.85,385.9,379.481
2/27/2015,380.16,2523659,384,385.99,379.79
2/26/2015,384.8,2684823,384.07,389.37,383.28
2/25/2015,385.37,3167481,377.27,387.85,376.54
2/24/2015,378.59,1920509,378.65,380.48,376.16
2/23/2015,380.14,2175306,383.44,384.54,378
2/20/2015,383.66,3219724,378.62,383.7,375.84
2/19/2015,378.995,2948520,373.49,381.88,373.43
2/18/2015,373.37,2648954,373.78,376.74,372.85
2/17/2015,375.43,3662187,377.72,379.985,372.67
2/13/2015,381.83,3472891,378.41,383,377.01
2/12/2015,377.17,2790630,375.1,378.51,373.15
2/11/2015,375.14,2785533,371.23,377.1,371.1
2/10/2015,372.995,2286489,371.19,374.3,368.51
2/9/2015,370.56,2675316,371,374.41,367.2
2/6/2015,374.28,3888587,374.87,375.9899,371.01
2/5/2015,373.89,7243644,366,378.8,365.9
2/4/2015,364.75,4167409,358.38,367.5,358.23
2/3/2015,363.55,6209015,360.29,367.817,360.21
2/2/2015,364.47,10222230,350.05,365,350.01
1/30/2015,354.53,23846720,346.32,359.5,340.74
1/29/2015,311.78,8067441,304.73,312.8,299.33
1/28/2015,303.91,3057997,309.81,311.51,303.8
1/27/2015,306.75,2917710,306.3,310.243,302.625
1/26/2015,309.66,3168827,311.82,313,307.5201
1/23/2015,312.39,4476045,308.08,316.93,307.72
1/22/2015,310.32,5338530,300,312.25,300
1/21/2015,297.25,10060450,289.64,306,287.26
1/20/2015,289.44,3065857,292.59,293.3599,286.39
1/16/2015,290.74,3476787,286.28,290.79,285.25
1/15/2015,286.95,4410629,294,295.9995,286.815
1/14/2015,293.27,5493402,291.93,295.91,286.503
1/13/2015,294.74,4135336,297.48,301.4976,293.23
1/12/2015,291.41,3406438,297.56,298.51,289.281
1/9/2015,296.93,2589914,301.48,302.87,296.68
1/8/2015,300.46,3087475,300.32,303.14,296.11
1/7/2015,298.42,2630671,297.5,301.28,295.33
1/6/2015,295.29,3511003,302.24,303,292.38
1/5/2015,302.19,2768215,307.01,308.38,300.85
1/2/2015,308.52,2785167,312.58,314.75,306.9601
12/31/2014,310.35,2048676,311.55,312.98,310.01
12/30/2014,310.3,2091432,309.91,313.94,309.34
12/29/2014,312.04,2998390,307.85,314.27,306.58
12/26/2014,309.09,2892910,305,310.7799,303.81
12/24/2014,303.03,1518107,306.38,307,302.875
12/23/2014,306.285,2718349,306.98,307.49,303.252
12/22/2014,306.54,3845409,301.94,307.36,301.94
12/19/2014,299.9,8613310,296.91,301.54,295.52
12/18/2014,297.73,7704984,304.01,304.5,293.25
12/17/2014,298.88,4429917,296.37,299.67,293.03
12/16/2014,295.06,6489013,304.35,304.49,295.01
12/15/2014,306.07,3833767,308.87,310.86,302.15
12/12/2014,307.32,3159206,303.99,310.6399,303.01
12/11/2014,307.36,3268194,307.89,312.64,306.01
12/10/2014,305.84,3243973,312,313.19,304.68
12/9/2014,312.5,4032614,302.99,313.639,301.14
12/8/2014,306.64,3633879,311.57,316.56,304.821
12/5/2014,312.63,3258869,316.8,316.93,310.84
12/4/2014,316.93,3293578,315.53,318.59,313.47
12/3/2014,316.5,5684164,325.73,326.77,314.36
12/2/2014,326.31,2784995,327.5,327.93,323.25
12/1/2014,326,4937256,338.12,340.64,325.93
11/28/2014,338.64,3051798,336.03,341.26,336.03
11/26/2014,333.57,1983512,333.78,334.65,331.75
11/25/2014,335.04,2560829,335.27,336.3325,331.28
11/24/2014,335.64,2744717,334.78,337.39,333.6
11/21/2014,332.63,4459805,335.42,338.33,331.47
11/20/2014,330.54,3434710,324,332.67,323.33
11/19/2014,326.54,3273627,327.25,328.4,324.02
11/18/2014,324.93,3539161,323.99,329.56,323.25
11/17/2014,323.05,4774065,326.44,328,318.03
11/14/2014,327.82,8874017,317.12,332.88,316.401
11/13/2014,316.48,3673404,312,317.89,311.51
11/12/2014,311.51,2181448,310.75,312.58,308.79
11/11/2014,312.01,3800576,305.94,312.38,303.646
11/10/2014,305.11,2802611,300,305.799,300
11/7/2014,299.86,2643693,297.82,299.99,296.29
11/6/2014,296.64,3749179,296.69,297,292.29
11/5/2014,296.52,4671563,303.01,304,294.16
11/4/2014,302.81,3424454,303.99,304.25,300.17
11/3/2014,305.72,3240753,306.24,308.01,303.24
10/31/2014,305.46,4549267,305.15,305.72,301.5
10/30/2014,299.07,4047924,293.98,299.74,292.36
10/29/2014,294.12,4881538,299.11,299.61,293.0701
10/28/2014,295.59,5553280,289.76,298,289.76
10/27/2014,289.97,5938196,285.7,290.42,285.02
10/24/2014,287.06,19785070,284.4,293.81,284
10/23/2014,313.18,8638059,313.4,316.8,311.4
10/22/2014,312.97,3124044,315.43,318.98,312.64
10/21/2014,315.33,3559258,309.9,315.64,307.07
10/20/2014,306.21,3233326,302.95,306.53,302.02
10/17/2014,303.64,4399931,307.15,309.2,302.72
10/16/2014,302.86,4729261,293.83,306.82,293.83
10/15/2014,305.97,5282651,304.35,307.9,299.102
10/14/2014,308.31,3382525,308,312.24,305.75
10/13/2014,306.45,4360893,309.87,313.2,303.47
10/10/2014,311.39,3681172,314.02,317.77,311.38
10/9/2014,315.37,3587626,321.49,322.271,314.52
10/8/2014,322.7,3450917,316.58,324.11,314.14
10/7/2014,316.98,2354960,319.43,322,316.67
10/6/2014,322.2,2286845,323.5,324.13,319.6
10/3/2014,322.74,3036577,320.36,325.16,319.53
10/2/2014,318.41,3562618,316.92,318.53,311.31
10/1/2014,317.46,3088712,322.04,322.165,315.55
9/30/2014,322.44,2635937,321.36,323.43,318.51
9/29/2014,321.82,1923889,320.5,323.75,319
9/26/2014,323.21,3635387,320.6,323.5,317.64
9/25/2014,321.93,2928653,327.99,328.54,321.4
9/24/2014,328.21,2640136,324.17,329.44,319.56
9/23/2014,323.63,2348623,322.46,327.6,321.25
9/22/2014,324.5,3109489,328.49,329.49,321.06
9/19/2014,331.32,6886162,327.6,332.7559,325.57
9/18/2014,325,2576294,325.44,327.1,323.7105
9/17/2014,324,4135926,327.76,328,321.52
9/16/2014,327.76,3259711,321.07,329.48,320.1
9/15/2014,323.89,3999817,330.91,331.33,319
9/12/2014,331.19,3422903,329.56,332.89,328.79
9/11/2014,330.52,2714887,329.94,333.01,326.39
9/10/2014,331.33,3792505,334.3,334.98,328.82
9/9/2014,329.75,4630850,341.61,341.76,329.18
9/8/2014,342.34,2953035,344.54,345.81,339.04
9/5/2014,346.38,2103892,346.3,346.827,342.5
9/4/2014,345.95,3952081,343.69,349.38,343.58
9/3/2014,339,1992490,342.54,343.27,337.55
9/2/2014,342.38,2325098,339.98,342.5,337.1587
8/29/2014,339.04,1935571,341.76,341.8199,337.68
8/28/2014,340.02,2252212,340,341.79,338.8
8/27/2014,343.18,2961440,342.09,346.67,341.34
8/26/2014,341.83,3635270,337,344.36,334.55
8/25/2014,334.02,1955360,333.21,336.77,332.71
8/22/2014,331.59,2211236,332.99,334.08,330.8
8/21/2014,332.91,1971026,336.48,336.582,332.23
8/20/2014,335.78,1810194,334.68,337.16,334.022
8/19/2014,335.13,1713724,334.87,335.81,333.01
8/18/2014,334.53,2484983,335.48,337.8,333.77
8/15/2014,333.63,3896625,334,335,328.32
8/14/2014,333.21,3415546,327.8,334.09,326.71
8/13/2014,326.28,4938152,327.6,331.72,326.14
8/12/2014,319.32,1912520,318.89,321.31,316.95
8/11/2014,318.33,2466110,318.48,320.38,316.88
8/8/2014,316.8,2705919,311.94,317.32,310.66
8/7/2014,311.45,2934804,315.21,315.8774,309.655
8/6/2014,313.89,2293980,310.83,315.78,310.2
8/5/2014,312.32,2855471,313.3,314.55,310.06
8/4/2014,313.65,4196938,308.84,316.18,308.5
8/1/2014,307.06,7426529,313.69,315.83,304.588
7/31/2014,312.99,5185854,320.01,320.6836,311.86
7/30/2014,322.51,3969035,321.45,322.73,318.5
7/29/2014,320,2881371,321.98,322.8999,319.5
7/28/2014,320.41,5929736,324.25,324.82,316.5
7/25/2014,324.01,17841520,317.3,324.87,314.76
7/24/2014,358.61,6486896,359.98,364.85,358.52
7/23/2014,358.14,2669820,359.05,360.63,356.62
7/22/2014,360.84,2887247,355.25,362.93,355.25
7/21/2014,359.76,2278031,358.1,361.71,356.72
7/18/2014,358.66,3406759,354.4,359.68,352.08
7/17/2014,352.454,3634995,353.44,356.96,351.38
7/16/2014,355.9,3501540,355.62,359.32,353
7/15/2014,354.44,4168989,353.72,355.59,349.4
7/14/2014,355.32,5609792,347.03,355.77,345.356
7/11/2014,346.2,8298955,334.71,347,334.71
7/10/2014,327.92,2658989,324.34,329.98,322.65
7/9/2014,329.97,3163085,324.71,330.2,323.15
7/8/2014,323.81,4271547,333.1,333.7397,321.4
7/7/2014,333.55,2128885,337.5,337.55,332.52
7/3/2014,337.492,1944300,334.83,338.3,333.08
7/2/2014,332.85,2680365,333.2,336.76,331.66
7/1/2014,332.39,3173633,325.86,333.2,325.1
6/30/2014,324.78,2671185,324.98,326.98,322.24
6/27/2014,324.57,2412654,325.88,326.52,323.27
6/26/2014,325.69,2698458,328.49,328.65,322.13
6/25/2014,327.44,2325141,324.33,328.15,321.74
6/24/2014,324.16,2626353,327.54,329.73,322.738
6/23/2014,327.24,2604785,323.33,327.55,321.41
6/20/2014,324.2,6053531,327.76,328.22,320.42
6/19/2014,327,5318838,335.255,338.9,325.98
6/18/2014,334.38,6356598,328,335.75,325
6/17/2014,325.62,2903522,327.54,331.34,325.23
6/16/2014,327.62,2395080,324.86,328.6945,323.52
6/13/2014,326.27,2764742,327.05,329.298,323.5262
6/12/2014,325.91,4259403,335.55,335.55,324.66
6/11/2014,335.2,4433947,336,340.7199,333.8772
6/10/2014,332.41,3619883,327.65,335.5,327.5
6/9/2014,327.5,3207844,331.57,333,325.65
6/6/2014,329.67,5242900,325,330.88,324.93
6/5/2014,323.57,7794053,308.1,327.94,306.9
6/4/2014,306.78,2104216,306.85,309.5,303.84
6/3/2014,307.19,2377995,305.75,307.92,305.07
6/2/2014,308.84,2203385,312.59,312.6,307
5/30/2014,312.55,4259611,314.43,314.65,307.57
5/29/2014,313.78,2363873,310.42,314.87,310.2
5/28/2014,310.16,2693201,309.5,313.82,307.42
5/27/2014,310.82,4860498,314.41,314.6296,307.38
5/23/2014,312.24,3052372,305.46,312.35,304.9
5/22/2014,304.91,2575062,305.05,308.54,303.01
5/21/2014,305.01,3404723,302.21,305.96,301.5201
5/20/2014,301.19,4090251,297.1,304.46,296.75
5/19/2014,296.755,2284218,295.76,299,293.81
5/16/2014,297.7,3635182,292.8,298.88,291.55
5/15/2014,295.19,4292196,298.02,299.2,290.38
5/14/2014,297.62,3323046,302.5,304.64,296.66
5/13/2014,304.64,3499423,302.6,305.6,300.75
5/12/2014,302.86,3726575,294.3,303.34,294.16
5/9/2014,292.24,4059948,290.57,293.68,284.38
5/8/2014,288.32,3845385,290.82,295.8784,287.23
5/7/2014,292.71,7009526,295.56,296.4,286.68
5/6/2014,297.38,4676244,309.53,309.81,297.04
5/5/2014,310.05,2515219,306.37,310.23,305
5/2/2014,308.01,3995059,310.42,313.29,304.31
5/1/2014,307.89,4328379,304.13,310.48,304
4/30/2014,304.13,4082007,298.1,304.56,298.1
4/29/2014,300.38,6503357,296.44,301.84,290.45
4/28/2014,296.58,14477480,304,304.39,288
4/25/2014,303.83,16178060,316.25,316.49,302.71
4/24/2014,337.15,9071653,329.67,337.4,322.95
4/23/2014,324.58,3585766,333.06,333.13,323.39
4/22/2014,329.32,3709148,332,337.5,328.94
4/21/2014,330.87,2990747,323.97,331.1499,322.31
4/17/2014,324.91,4298913,319.76,328.66,319.76
4/16/2014,323.68,4279829,321.17,324,314.71
4/15/2014,316.08,5397514,316.7,318.28,305.5
4/14/2014,315.91,4290192,317.67,320.48,311.28
4/11/2014,311.73,7285729,314,316.5,309.5
4/10/2014,317.11,6124760,330.6,331,316.5
4/9/2014,331.805,5056220,328.47,332.18,322.5
4/8/2014,327.07,6577434,321.88,328,318.44
4/7/2014,317.76,7004704,320.99,324.94,313.13
4/4/2014,323,12522090,335.15,335.44,315.61
4/3/2014,333.62,6377000,341.82,342.5,328.46
4/2/2014,341.96,4465927,345.99,348.295,340.38
4/1/2014,342.99,3599779,338.09,344.43,338
3/31/2014,336.365,4276550,342.4,346.29,334.06
3/28/2014,338.29,3976769,340.05,347,336.08
3/27/2014,338.47,5761711,343.15,343.9999,330.88
3/26/2014,343.41,4103626,357.13,357.6,343.4
3/25/2014,354.71,4445646,354.03,358.97,348.84
3/24/2014,351.85,4873246,360.09,361.5,348.6
3/21/2014,360.62,5412991,371,372.84,358.4
3/20/2014,368.97,2553840,370.64,373,366.22
3/19/2014,373.23,2645238,378.77,379,369.42
3/18/2014,378.77,2473752,377.32,379,375
3/17/2014,375.04,2299657,375.72,378.85,374.88
3/14/2014,373.74,4385031,372.8,378.568,371.55
3/13/2014,371.51,6820152,376.62,383.11,368.08
3/12/2014,370.64,2216592,366.4,371.16,363.61
3/11/2014,368.82,2246032,370.99,372.8,367.28
3/10/2014,370.53,2105455,372.69,372.73,367
3/7/2014,372.06,2279215,374.58,374.99,369.531
3/6/2014,372.16,2926168,374.05,375.33,368.9
3/5/2014,372.37,3846510,364.13,372.728,363.9
3/4/2014,363.9,2704344,363.9,365.68,362.46
3/3/2014,359.78,2798280,358.735,360.96,354.48
2/28/2014,362.1,3881422,360.6,365.865,357.084
2/27/2014,360.13,3104857,357.22,360.59,355.5
2/26/2014,359.8,3621653,359.86,364.75,357.17
2/25/2014,358.32,3734994,353,361.08,351.58
2/24/2014,351.78,3644550,345.19,353,343.29
2/21/2014,346.76,4210034,352.44,354.141,346.75
2/20/2014,349.8,3492771,348.8,350.46,344.38
2/19/2014,347.38,4167283,352.64,354.54,346.1
2/18/2014,353.65,4997959,355.28,355.73,349.45
2/14/2014,357.35,3522810,359.34,359.34,353.35
2/13/2014,357.2,4174300,347.7,357.2,346.5
2/12/2014,349.25,6586835,356.43,357.75,346.32
2/11/2014,361.79,3220432,361.842,363.61,356.25
2/10/2014,360.87,3447970,361.61,365,359.35
2/7/2014,361.08,4338155,358.98,361.8,352.49
2/6/2014,354.59,3335208,347.403,354.82,347.403
2/5/2014,346.45,4435216,346,349.37,337.73
2/4/2014,347.95,4812831,349.59,353.9975,344.02
2/3/2014,346.15,10280000,358.98,360.85,340.1
1/31/2014,358.69,16153930,371.76,375.45,357.76
1/30/2014,403.01,9945265,393.77,406.25,387.7
1/29/2014,384.2,3381356,392.16,392.85,383.24
1/28/2014,394.43,2894403,387.4,394.74,387.12
1/27/2014,386.28,3934957,390.5,394.1,380.49
1/24/2014,387.6,4506642,398.16,400.2,387.27
1/23/2014,399.87,3025297,401,406.17,397.79
1/22/2014,404.54,2059978,408,408.06,402
1/21/2014,407.05,3121784,403,407.8,401.6
1/17/2014,399.61,4505014,394.26,403.49,393.66
1/16/2014,395.8,2600179,393.68,399.29,389.41
1/15/2014,395.87,2677150,398.94,399.31,392.534
1/14/2014,397.54,2339458,392.13,398.63,391.29
1/13/2014,390.98,2843810,397.98,399.78,388.45
1/10/2014,397.66,2678085,402.53,403.764,393.8
1/9/2014,401.01,2103029,403.71,406.89,398.44
1/8/2014,401.92,2316220,398.47,403,396.04
1/7/2014,398.03,1916017,395.04,398.47,394.29
1/6/2014,393.63,3170587,395.85,397,388.42
1/3/2014,396.44,2210064,398.29,402.71,396.22
1/2/2014,397.97,2137807,398.8,399.36,394.02
12/31/2013,398.79,1996089,394.58,398.83,393.8
12/30/2013,393.37,2485346,399.41,399.92,392.45
12/27/2013,398.08,1986907,404.65,405.63,396.25
12/26/2013,404.39,1868479,401.79,404.52,396.81
12/24/2013,399.2,1380373,402.52,403.7249,396.37
12/23/2013,402.92,2659431,403.69,405,399.2
12/20/2013,402.2,5033379,396.55,404.72,395.78
12/19/2013,395.19,2427225,394.27,397.29,392.6
12/18/2013,395.96,3489017,389.23,396.3,383.1
12/17/2013,387.65,2343772,390.65,391.36,386.5
12/16/2013,388.97,2251673,385.03,391.7,385
12/13/2013,384.24,3024764,385.32,389.42,383.8
12/12/2013,381.25,2119025,381.26,385,379.5
12/11/2013,382.19,2449454,387.34,388.98,382
12/10/2013,387.78,2736446,383.74,389.06,383.02
12/9/2013,384.89,2761617,388.11,388.21,382.57
12/6/2013,386.95,1984671,388.35,388.35,383.83
12/5/2013,384.49,1874352,386.65,386.65,381.371
12/4/2013,385.96,2354819,383.5,389.69,381.4914
12/3/2013,384.66,3702352,390.11,390.949,383.1
12/2/2013,392.3,4714006,399,399,389.1
11/29/2013,393.62,2405985,389.1,394.0999,388.62
11/27/2013,386.71,2267611,383.5,387,382.611
11/26/2013,381.37,2724361,377.61,382.5,374.8175
11/25/2013,376.64,2970367,373.82,377.79,373.18
11/22/2013,372.31,2965514,370,374.5,366.31
11/21/2013,368.92,1964573,364.05,369.25,363.3
11/20/2013,362.57,1771459,367.56,367.56,360.45
11/19/2013,364.94,1901397,365.82,368.78,362.5
11/18/2013,366.18,2736705,370.28,373.49,364.67
11/15/2013,369.17,4491575,367.63,372.9,365.55
11/14/2013,367.396,4159753,357.39,368.94,356.43
11/13/2013,356.22,2773339,347.4,356.22,345.68
11/12/2013,349.53,2343108,352.99,355.4826,347.282
11/11/2013,354.378,2261703,350.59,355.37,348.06
11/8/2013,350.31,2625612,345.95,351.05,344.04
11/7/2013,343.56,4246294,355.86,357.9,341.88
11/6/2013,356.18,2284870,360.45,362.87,354.5
11/5/2013,358.892,2006927,356.78,360.17,354.84
11/4/2013,358.74,1938439,360.12,361,354.4
11/1/2013,359.002,3331015,365.63,365.77,356.1
10/31/2013,364.03,2466837,361.73,366,359
10/30/2013,361.08,4500014,362.62,365,358.65
10/29/2013,362.7,2184755,358.96,362.89,356.29
10/28/2013,358.16,3602497,359.92,362.75,357.2
10/25/2013,363.39,12034820,358.6,368.4,352.62
10/24/2013,332.21,5699188,329.63,332.6499,326.75
10/23/2013,326.756,2804982,330.84,331.72,324.0601
10/22/2013,332.54,3928327,327.72,337.11,325.68
10/21/2013,326.44,2521923,329.89,330,323.8
10/18/2013,328.931,5937591,319.36,331.89,316.75
10/17/2013,310.77,2632744,307.07,311,305.24
10/16/2013,310.49,2167086,308.38,310.8,305.554
10/15/2013,306.4,2260854,309.87,310.79,305.26
10/14/2013,310.7,1937892,309.22,311.645,307
10/11/2013,310.889,2160877,304.77,310.93,303.84
10/10/2013,305.174,2555085,304.63,306.7,302.5901
10/9/2013,298.23,3247149,303.42,303.4978,296.5025
10/8/2013,303.23,3166244,311.5,311.545,300.27
10/7/2013,310.03,2083122,315.24,315.3399,309.74
10/4/2013,319.04,1814976,315.13,319.2,312.62
10/3/2013,314.76,2674741,320.39,322.92,313.02
10/2/2013,320.51,2217373,318.04,321.73,317.52
10/1/2013,320.95,2396323,314.22,321,313.65
9/30/2013,312.64,1622476,313.41,315.31,311.06
9/27/2013,316.01,1657457,316.92,317.21,313.35
9/26/2013,318.12,1989882,313.9,319.37,313.26
9/25/2013,312.65,2008107,314.53,316.71,310.75
9/24/2013,314.13,2005771,312.43,318.0799,311.28
9/23/2013,311.49,1884097,314.01,315.9,308.771
9/20/2013,316.34,5301376,312.54,320.57,312.41
9/19/2013,312.06,2350846,313.77,314.54,311.04
9/18/2013,312.034,2945713,304.06,312.74,302.91
9/17/2013,304.17,2296540,297.63,304.65,296.0101
9/16/2013,296.06,1814278,299.82,301,295.26
9/13/2013,297.92,1350645,300.14,300.22,296.201
9/12/2013,298.86,1606193,299.39,302,297.661
9/11/2013,299.64,1742577,298.91,301.86,297.84
9/10/2013,300.36,1776500,300.55,301,297.22
9/9/2013,299.71,1627053,297.22,299.96,296.6
9/6/2013,295.86,2291361,295.33,298.88,290.8
9/5/2013,294.1,1816615,293.63,297,292.71
9/4/2013,293.64,2438051,288.33,295.23,287.58
9/3/2013,288.8,2897569,284.73,291.39,284.17
8/30/2013,280.98,1534706,284.59,284.87,280
8/29/2013,283.98,1566414,281.45,285.98,280
8/28/2013,281.58,1457146,280.36,283,279.33
8/27/2013,280.93,2475209,283.87,285.28,279.74
8/26/2013,286.21,1717000,290.43,291.0499,285.6207
8/23/2013,290.01,1967485,291.21,291.5,287.9
8/22/2013,289.73,1422586,284.8,289.87,284.8
8/21/2013,284.57,1815071,285.09,288.5,283.83
8/20/2013,287.09,1585260,285.88,289.515,285.74
8/19/2013,285.57,2477429,285.19,289.56,283.48
8/16/2013,284.82,2419819,286.55,288.33,284.5
8/15/2013,286.47,2261393,288.79,289.3,285.15
8/14/2013,291.34,1414671,294.29,294.29,290.54
8/13/2013,293.97,2349902,295.88,296.37,290.67
8/12/2013,296.69,1504525,295.79,299.08,295.26
8/9/2013,297.26,1950286,295.68,299.27,294.2987
8/8/2013,295.74,2343430,298.52,298.52,292.5501
8/7/2013,296.91,1960889,300.15,300.99,296.15
8/6/2013,300.75,1848951,300.51,301.36,297.52
8/5/2013,300.99,2232858,303.4,303.62,298.3
8/2/2013,304.21,2502646,304.63,305.33,301.5
8/1/2013,305.57,2965318,303.08,306.21,298.905
7/31/2013,301.22,1891314,303.91,305.15,301
7/30/2013,302.41,3053425,307.72,309.7833,301.57
7/29/2013,306.1,3211811,311.07,313,305.9
7/26/2013,312.01,8815447,299.55,313.62,295.55
7/25/2013,303.4,5368682,299,304.5,296.75
7/24/2013,298.94,1999034,303.02,303.84,298.04
7/23/2013,301.06,1999094,303.16,305.06,300.56
7/22/2013,303.48,2520563,309.25,309.25,302
7/19/2013,305.23,2962549,304.39,305.79,301.91
7/18/2013,304.11,3058835,306.27,306.3408,301.87
7/17/2013,308.69,2028181,306.97,308.8,305.69
7/16/2013,306.87,2658650,307.3,309.39,305.5119
7/15/2013,306.57,2245087,307.27,307.99,304.35
7/12/2013,307.55,4538273,298.69,307.55,298.5
7/11/2013,299.66,4007101,294.99,300.69,292.1
7/10/2013,292.33,1822057,291.41,293.34,289.4
7/9/2013,291.53,2748223,291,292.57,288.01
7/8/2013,290.59,3045854,286.42,291.67,286.14
7/5/2013,285.88,1985323,285,286.3799,282.07
7/3/2013,284.03,1380205,282,285.4,282
7/2/2013,283.73,3237708,281.04,286.58,280.59
7/1/2013,282.1,2887790,279,283.29,277.16
6/28/2013,277.69,3193262,276.19,279.83,276.19
6/27/2013,277.55,2518588,279.18,280.2,274.54
6/26/2013,277.57,3028916,273.98,277.98,273.5001
6/25/2013,272.088,2447760,272.3,273.47,269
6/24/2013,270.61,3863364,271.29,273.16,265
6/21/2013,273.36,4202058,274.57,275.8399,269.79
6/20/2013,273.44,2983983,275.14,278.6,272.39
6/19/2013,278.16,2827148,281.26,283.34,277.87
6/18/2013,281.76,2124505,279.08,282.91,278.11
6/17/2013,278.06,2883867,276.35,280.2,275.65
6/14/2013,273.99,2150179,275,277.07,273.442
6/13/2013,275.79,2649515,271.5,276.8,270.2901
6/12/2013,271.67,2237998,276.6,276.8,270.45
6/11/2013,274.78,3097245,276,278.411,274.24
6/10/2013,281.07,3080473,276.68,282.47,275.24
6/7/2013,276.87,4631159,269.74,280.1,269.13
6/6/2013,267.83,2468870,267.75,270.5,264.21
6/5/2013,267.17,3511955,265.81,271.66,265.02
6/4/2013,265.7,2088072,267,268.88,263.02
6/3/2013,266.88,2543272,268.96,269.11,262.95
5/31/2013,269.2,3373088,266,271.91,265.94
5/30/2013,266.83,1667069,265.71,268.57,265.615
5/29/2013,265.53,1901987,265.46,268.25,264.844
5/28/2013,267.29,3470157,266.48,271.1,266
5/24/2013,261.74,1696120,259.85,261.93,258.34
5/23/2013,261.8,2000141,260.49,263.17,259.59
5/22/2013,262.96,3331960,267.39,267.59,260.8
5/21/2013,268.86,1740656,268.74,270.77,267.66
5/20/2013,267.63,2208934,269,271.79,266.5
5/17/2013,269.9,2527271,265.83,269.98,265
5/16/2013,264.12,1637688,265.96,268.43,263.85
5/15/2013,266.56,2719587,267.07,269.05,264.56
5/14/2013,268.33,2698767,264.5,269.4,264.028
5/13/2013,264.51,2149398,262.77,265.88,262
5/10/2013,263.63,3144719,260.88,263.65,260.21
5/9/2013,260.16,2769255,258.73,263.55,256.88
5/8/2013,258.68,2674938,256.87,260.295,255.334
5/7/2013,257.73,3133399,256.31,259.74,252.9101
5/6/2013,255.72,2347669,258.09,259.5,253.4201
5/3/2013,258.05,3513514,256.14,259.25,254.7
5/2/2013,252.55,3918918,248.94,252.93,245.78
5/1/2013,248.23,4390652,253.9,254.2,245.75
4/30/2013,253.81,4248690,249.37,254.68,248.56
4/29/2013,249.74,7108663,254.9,257.01,249.15
4/26/2013,254.81,14026370,269.97,272.02,252.81
4/25/2013,274.7,5837868,271.53,275.8,270.5
4/24/2013,268.78,1851290,269.5,271.47,266.81
4/23/2013,268.9,2270014,264.5,269.87,264.5
4/22/2013,263.55,2101281,259.35,264.6,258.03
4/19/2013,260.32,2601570,258.16,262.88,257.5
4/18/2013,259.42,3137451,266.81,266.9899,256.6
4/17/2013,267.4,3135091,270.8,270.85,264.25
4/16/2013,272.34,2136703,269.31,272.8,268.06
4/15/2013,267.72,3323032,271.08,275.12,267.1
4/12/2013,272.87,2865875,270.12,273.27,267.02
4/11/2013,269.85,3090366,264.74,270.97,264.74
4/10/2013,264.77,2321007,261.78,265.98,259.32
4/9/2013,261.14,2156382,258.85,262.61,257
4/8/2013,258.95,2295573,255.92,259.679,255.63
4/5/2013,255.48,2556957,255.72,256.18,253.67
4/4/2013,259.08,1964277,259.23,260.41,256.12
4/3/2013,259.03,2413113,262.12,263.67,257.75
4/2/2013,263.322,2630881,262.4,265.89,260.55
4/1/2013,261.61,2524625,266.98,267.4,261.01
3/28/2013,266.49,2473257,265.82,267.375,264.06
3/27/2013,265.3,2874824,258.75,265.93,257.9
3/26/2013,260.31,2420504,257.05,261.48,256.28
3/25/2013,256.02,2513758,258.58,259.429,254.5
3/22/2013,257.75,3120954,254.55,257.77,252.07
3/21/2013,253.39,2801078,256.11,257,252.68
3/20/2013,257.278,2734401,258.05,259.76,254.5501
3/19/2013,256.41,3737690,258.4,259.5,252.62
3/18/2013,257.89,2719453,259.3,261.49,257.12
3/15/2013,261.82,4865199,264.98,267.26,260.05
3/14/2013,265.74,5225850,269.67,270,263.53
3/13/2013,275.1,1884015,275.24,276.5,272.64
3/12/2013,274.13,3245906,271,277.4,270.3601
3/11/2013,271.24,1904365,273.43,273.99,270.4
3/8/2013,274.19,1879762,275,275.44,271.5
3/7/2013,273.88,1938987,274.1,274.8,271.85
3/6/2013,273.79,2050334,275.76,276.489,271.832
3/5/2013,275.59,3684813,274,276.68,269.99
3/4/2013,273.11,3451448,265.36,273.3,264.14
3/1/2013,265.74,2956724,263.27,266.6,261.04
2/28/2013,264.27,2666299,261.81,267,260.63
2/27/2013,263.25,2906804,259.4,265.83,256.86
2/26/2013,259.36,3347611,260.89,262.04,255.73
2/25/2013,259.87,3032009,266.94,268.694,259.65
2/22/2013,265.42,3122802,266.62,267.11,261.61
2/21/2013,265.94,3633797,265.12,269.48,263.25
2/20/2013,266.41,3528862,270.2,274.3,266.371
2/19/2013,269.75,2853252,265.91,270.11,264.5
2/15/2013,265.09,3979632,267.63,268.92,263.11
2/14/2013,269.24,3461880,267.37,270.65,265.4
2/13/2013,269.47,5290202,261.53,269.96,260.3
2/12/2013,258.7,2931544,259.19,260.16,257
2/11/2013,257.21,3401493,263.2,263.25,256.6
2/8/2013,261.95,3879078,261.4,265.25,260.555
2/7/2013,260.23,3975097,264.1,264.1,255.11
2/6/2013,262.22,2766166,265.16,266.89,261.11
2/5/2013,266.89,4009815,262,268.03,261.46
2/4/2013,259.98,3723293,262.78,264.684,259.07
2/1/2013,265,6112456,268.93,268.93,262.8
1/31/2013,265.5,6769474,271.04,275.94,263.6991
1/30/2013,272.764,13062990,283,284.2,267.11
1/29/2013,260.35,9831883,275.35,275.46,258.35
1/28/2013,276.04,4317763,283.78,284.48,274.4
1/25/2013,283.99,4957365,275,284.72,274.4
1/24/2013,273.62,3411246,269.37,276.65,269.37
1/23/2013,268.11,2498471,270.57,271.09,266.65
1/22/2013,270.19,2135542,271.62,272.1,269.23
1/18/2013,272.12,2940348,270.83,274.5,269.6
1/17/2013,270.48,1883293,271.5,271.97,269.21
1/16/2013,268.93,2062629,270.53,271.24,267.83
1/15/2013,271.9,2326204,270.68,272.73,269.3
1/14/2013,272.73,4260740,268,274.26,267.54
1/11/2013,267.94,2413064,265.1,268.43,264.11
1/10/2013,265.34,2863098,268.54,268.74,262.3
1/9/2013,266.35,2262402,268.17,269.5,265.401
1/8/2013,266.38,3008773,267.07,268.98,263.567
1/7/2013,268.4592,4909389,262.97,269.725,262.67
1/4/2013,259.15,1874011,257.58,259.8,256.65
1/3/2013,258.48,2750470,257.27,260.88,256.37
1/2/2013,257.31,3270560,256.08,258.0999,253.26
